"","X","Y2"
"1",0.0236230176439899,0.180584672773065
"2",3.42697140596442,0.855118974966405
"3",3.50536336291861,0.510800400818786
"4",1.0299594593423,1.02017116940267
"5",1.34707158734044,0.616095605691087
"6",5.66697448691533,1.48211795839121
"7",2.63378565540003,-0.152984419857995
"8",0.751102752596155,0.795957439987897
"9",0.483592911972366,0.161968715737757
"10",3.18370314608739,0.0766559378483948
"11",3.38985826617845,0.784158754005114
"12",2.34824678370327,0.706851335997736
"13",1.04441296542089,0.38540781327237
"14",2.57803453908048,1.55269429837005
"15",0.893631485867145,0.553003669877008
"16",1.70513218681906,0.530108361213851
"17",6.82786836228912,-0.329381121289012
"18",0.0541737178239734,0.343206365855596
"19",0.475913978602914,0.134867494999741
"20",1.13452483617225,1.97244332951572
"21",6.34571218046476,-0.423892400746837
"22",0.169843278989068,0.48828720451636
"23",8.70768775690415,1.56675917353905
"24",4.99997376117356,2.40783670925886
"25",0.670037093170019,0.123417555254733
"26",5.91812998263506,-0.384435261072877
"27",1.28792917836503,0.0197897363649736
"28",0.720050264064364,0.569502612584204
"29",8.54425342200625,-2.73065105850018
"30",0.185490497614574,0.40327369173175
"31",0.0210238446468079,0.220933017223496
"32",2.91723613831332,3.12735279635819
"33",2.29556397425413,0.430614936386386
"34",7.18919826597596,0.429122337551721
"35",0.71101499502944,0.167315199232605
"36",5.83421561711061,0.161367095969905
"37",0.250852787854728,0.419094288447795
"38",0.416540379747545,0.543254012842936
"39",0.0308069766303777,0.371294201261958
"40",2.07525266239382,1.60771239709218
"41",0.495729237608592,0.400648915518974
"42",2.0901677191169,2.07717087989428
"43",1.06946287289922,-0.562156894878381
"44",0.0565607230588686,0.360384684033586
"45",0.552396056817477,0.256024338917277
"46",0.382303849990822,0.782814768423531
"47",2.06450795706601,0.194245656623039
"48",0.643061915365414,0.988693078607235
"49",0.923469195911943,0.515463973473745
"50",6.29001864574624e-05,-0.115694138024758
"51",1.74385610084465,0.151307677234001
"52",0.66191227751857,-0.25479018665479
"53",0.00342904319644901,0.178871338013522
"54",2.68175991756409,3.12642699656821
"55",1.02587952740698,-0.818210446205503
"56",0.428039479220421,0.717621349086341
"57",0.377486963425325,0.0229125540948619
"58",0.439803262560096,0.984645517201157
"59",0.0639005193944565,0.468173633662049
"60",0.508184604084343,0.152133964438509
"61",2.9293529038042,0.24466692364564
"62",0.126844069740173,0.319845386555381
"63",1.50591866297842,0.238401502289187
"64",0.0215943591170594,0.516657209606459
"65",1.56745515109638,0.654946171556872
"66",3.85649124315365,-0.634342032000104
"67",0.119807284532759,0.426906618116307
"68",5.43831649709793,1.17799946790291
"69",0.964519204700208,0.457751627388604
"70",0.133380198605095,0.319124103480016
"71",2.11356929897034,1.06455651853653
"72",5.59826484919224,-1.86054520842263
"73",0.0257142310089547,0.110111325623818
"74",0.174859902616442,0.653457912011363
"75",0.0842880169736659,0.0167627190736112
"76",1.11025495999212,0.51848092874501
"77",0.362996360122926,0.113590333439422
"78",0.177464479583943,0.403503817996739
"79",0.886064127023777,1.00861250418465
"80",0.878485875777539,-0.576262093464069
"81",2.30206855086705,1.63224857969575
"82",0.179002545467693,0.345222967977607
"83",3.7131664991225,-1.70738105808392
"84",0.00343028191197543,-0.0355354884183392
"85",1.84624437474524,1.24492595943357
"86",0.264236611528656,0.347702832641634
"87",0.968539830318374,0.616823149914823
"88",1.40701625575405,1.15461947028447
"89",4.36417322733847,4.12437929563084
"90",0.437402941587152,0.392036274923004
"91",7.21164046953604,-0.827013386076779
"92",4.41616078283334,3.55544735372025
"93",0.732663010420667,0.0729234645096347
"94",0.579902098577452,0.0167223928481748
"95",0.102701036906598,0.238471648148676
"96",0.0118621953567577,0.464209007395924
"97",4.01033155055167,-0.894418522421421
"98",7.5359873639785,1.93900041243418
"99",0.0579490617198788,0.13280987271092
"100",1.25183549118858,-0.282554652124387
"101",0.0394253559575136,0.222416147769588
"102",0.904476665040177,1.20541158795871
"103",4.1433918920611,-0.235205433750736
"104",0.970064149739455,0.965073537088413
"105",0.0640658555364041,0.0987834069112415
"106",0.00101184538734209,0.0856689981517481
"107",4.41038279711923,-0.892519918590003
"108",7.5959252290771,-0.316715070799824
"109",0.484126747200415,0.839129293705343
"110",2.68474335482056,0.466516206707284
"111",0.49542706501858,0.491989307083633
"112",0.659673827271818,0.564547574753338
"113",0.00503297380667781,0.110603273566281
"114",0.0414963198603863,0.0937199272156772
"115",0.528800950528567,0.324699094085456
"116",0.0284175671162883,0.259852136480173
"117",4.97313934951335,2.9415608927326
"118",6.15648572666756,0.0624413311538375
"119",5.89538646928433,-0.0426992235221114
"120",0.0767893319657755,0.519212394901805
"121",8.64523782810353,-1.57644471493615
"122",2.04844906574129,1.02177251952159
"123",0.103865500691315,0.230905792476432
"124",0.20117806188151,0.443659364307968
"125",0.000754685299928063,-0.0363559108334607
"126",0.452426445696694,0.264277952995056
"127",0.448469207000812,0.338848391003039
"128",0.223859915239163,0.577653108895811
"129",0.018812987331404,0.174751642773129
"130",0.658864267328592,0.58208615663529
"131",7.54660275578258,-0.45416838301306
"132",0.859956064892971,0.0565346077731727
"133",3.02687887458485,1.63911158031348
"134",0.0259120338633986,0.189168715590775
"135",1.81349228954682,1.83465538926578
"136",0.490496554844896,0.580225742867491
"137",4.29481148772427,0.371303454158292
"138",0.108085897516547,0.389179918620789
"139",1.78930252479481,0.524273587887083
"140",8.23373893375421,2.1238832759504
"141",1.08323375356446,0.259735999348952
"142",0.196515490049175,-0.0503513792085174
"143",2.78166409880666,0.828292995994119
"144",0.411232129680394,0.612414505911969
"145",1.01478133435747,-0.0642457531586168
"146",5.71576050879375,-2.01531863986757
"147",0.998339013442149,0.251188387524879
"148",1.42089326058793,0.1420650597165
"149",0.000920806004327219,0.165620281987855
"150",2.04044166325581,0.716866884559819
"151",2.50076282172636,1.89228321855446
"152",3.79637825336694e-05,0.230669487533213
"153",2.78219061574988,0.588963896984656
"154",0.10479635714086,0.314832987189236
"155",1.80836166179555,0.798315967301735
"156",0.00183012778691313,0.10772826959454
"157",4.54042733576723,0.442864337959123
"158",0.378639177845537,0.384210945560702
"159",6.42491066676544,1.42233529997275
"160",0.618239622492429,0.508478207047453
"161",3.94095819342988,0.211832000643151
"162",0.0843722290126429,0.313186975703278
"163",2.47029375581179,0.38017883127628
"164",0.206393360557551,0.521423202540471
"165",3.36714649197151,0.648288479392052
"166",0.912493692897933,0.158061831342592
"167",0.0763609016088452,0.264578184209551
"168",2.89425201676984,-0.360182583193971
"169",0.264041297580058,0.428541746813666
"170",7.21369633739083,3.12678301801223
"171",0.120210024995804,0.426319928844719
"172",0.100844300208141,0.345722076354846
"173",2.1596907153399,0.483216545303579
"174",0.297733753965651,0.461955291198469
"175",3.20347112326183,0.546513289614834
"176",4.35357255145984,-3.40320727416012
"177",2.34432650823809,1.01574300739788
"178",6.05818959660792,-0.230682006233396
"179",0.0411256375638012,0.415525213899884
"180",5.32839350068654,5.74693063010669
"181",0.0307743171227699,0.107283487123336
"182",2.85782142323816,1.44381377381644
"183",3.43465801246899,0.843486390670115
"184",1.2588589170259,0.162533003827246
"185",0.777090329091515,0.763989323812697
"186",0.0577019259710004,0.372702792626247
"187",0.014791758998404,0.205295801097774
"188",4.22860123807994,0.0916859145964259
"189",0.0632212714224029,0.146904420066332
"190",3.70377138681629,-0.442843590352097
"191",3.33565781350933,0.263187030704343
"192",1.40448058913786,0.345406586476526
"193",0.402680516631998,0.693111849549755
"194",0.83403325384269,0.351343847003784
"195",0.157064600154756,0.675083441401502
"196",0.155610021466733,0.270122438882253
"197",1.44120964004529,1.75639448692779
"198",0.116966166996561,0.350642938360005
"199",0.245563598549853,0.143452827516408
"200",5.55134907144525,2.08728641389545
"201",0.249797389930007,0.385000245789964
"202",0.198623437843138,0.29283756221649
"203",5.89500001927659,2.84251512000443
"204",0.286330276683861,0.50993446832748
"205",0.101175838096567,0.466581239833898
"206",0.829742456956042,-0.0187433934625858
"207",0.377888460199595,0.255441474949333
"208",0.671902113811701,0.0405131070425405
"209",1.39485994911778,-1.73743877356459
"210",0.108466128950951,0.370869996074331
"211",0.142883038795946,0.546388064816457
"212",7.14536407808405,2.62300027304175
"213",4.86708658645642,-2.20875795215446
"214",0.000336199289653376,0.0157997667605048
"215",0.0758941741591286,0.055688484439149
"216",6.42102115970434,3.97435214532548
"217",0.663088709520579,0.322815931126268
"218",0.118183371850519,0.175596188636976
"219",2.36767585880409,1.64068940847957
"220",0.782549181162938,0.357437501180242
"221",1.37912689501033,-0.597353836842623
"222",4.2900745167417,0.6219571928391
"223",0.976120360550663,0.512469829589485
"224",0.611072539929993,0.516523859435999
"225",4.60084995565297,1.53303420428913
"226",7.67179553336155,-1.06882406764845
"227",0.189082785991332,0.478779085249296
"228",5.71020594363057,-2.22944793970678
"229",0.00651803389869633,0.321513260781035
"230",0.310308746699326,0.248266529272906
"231",0.184971605064602,0.439532340002387
"232",4.08458911871622,1.82542840772403
"233",3.62353727923453,0.13334058768697
"234",1.7563863743291,-0.908466324201973
"235",4.43935768114416,-0.0142890296186415
"236",6.88054396433935,-0.861498298410407
"237",0.412153070228713,0.303975572975868
"238",0.510750628805844,0.724967473950647
"239",4.06092291916515,1.9534900378433
"240",4.4394280820157,1.15538947486651
"241",1.2582764408631,0.0338237902391093
"242",2.36855862697817,3.70548649819265
"243",1.54365108971445,-0.789017653436728
"244",0.660184650566045,-0.199721511625614
"245",5.95791592674284,1.57049255073501
"246",0.016740854934047,0.514969867963256
"247",7.58223540648703,-0.194575550906738
"248",0.766834903835583,-0.104643275266009
"249",6.87994754021403,-0.449653048487815
"250",0.00400409435621051,0.42545133080803
"251",0.00133325402245512,0.0554054557291308
"252",3.39407154595545,-0.18585737112753
"253",0.104973240844065,0.278196964718923
"254",8.2500893375054,2.99744474477229
"255",0.00366958575582306,0.230905168783358
"256",0.299391787517594,0.283100033558043
"257",2.00714374319768,-1.4114075912433
"258",3.43230419667965,3.7266963269598
"259",1.20600204647561,-0.311874059215113
"260",0.0574347543027728,0.220182481544259
"261",0.636479410041057,0.542835517888569
"262",3.74512891851004,1.39606155425803
"263",4.80962436208957,-1.94942020883813
"264",0.300192455833879,0.468426854200763
"265",2.372771981954,1.65136852017854
"266",0.669411853741324,0.658418656008592
"267",1.06450193398567,1.02758620041201
"268",0.507078401724214,0.136232977517355
"269",2.91641806657753,0.435794750607732
"270",0.00356656177608259,0.273458502181453
"271",1.00585023584091,0.796910087723784
"272",0.275175767057742,0.477672556107229
"273",0.0331455938869971,0.376288474660772
"274",0.454887559070056,0.285885131662998
"275",0.510361107425923,0.65009222887994
"276",5.70323335973597,-1.29153437913324
"277",1.37599295434212,0.337064455557405
"278",0.837193170841901,0.558806662497804
"279",0.000211199913011555,0.148926749685363
"280",0.454373836698508,-0.408097859431656
"281",0.783111833810446,1.00815414568316
"282",3.3309077549539,1.31045609913591
"283",0.602859883543728,0.969851388064512
"284",1.9782637704973,1.69595155459482
"285",2.3831385895623,1.36934214705633
"286",1.74289665552195,0.718780379889918
"287",3.10720900065677,1.61202983476881
"288",0.467760962838133,0.4085396163658
"289",0.465427641528861,0.635089102547101
"290",3.09715425391478,1.17423820314368
"291",5.50165971312232,2.71203014124277
"292",3.59147699479118,-0.507088554028283
"293",3.56517297754012,-0.0181882944563386
"294",4.28649089025159,1.46698396679838
"295",1.59309545690988,-0.384185461137885
"296",2.02380982374396,0.177953476019295
"297",0.3358418116155,0.477885665138398
"298",4.52454600602643,4.36476575243836
"299",8.70646752174681,3.24405583716579
"300",2.07867515416394,-0.823383667167552
"301",0.218065178199631,-0.00746226814116407
"302",0.164699985199024,0.167683460455946
"303",6.22659815847392,-1.98421575275282
"304",1.51510563686887,0.0175678886743311
"305",0.0380448282939553,0.305162434070762
"306",0.337611454864471,0.669679585088425
"307",6.47648546869043,1.07412946553586
"308",0.719967359327094,0.633620141885168
"309",0.732250339038449,-0.368923379636375
"310",0.441837762754287,0.584892111674319
"311",2.38439766651008,1.6237677526119
"312",0.000464561180678991,0.0273158552560685
"313",3.38161616456553,-0.158847243835844
"314",3.5651983557808,0.287468912883277
"315",3.87689848031485,-0.186439866997283
"316",4.76981079892703,1.32525144165098
"317",0.0303284565162276,0.179307073066684
"318",1.96297912722135,0.128609973606881
"319",5.00608605556414,-0.91245297965724
"320",0.265973684529877,0.559568149587814
"321",0.743303518415604,-0.0781923843649335
"322",0.442176498669812,0.699375636470882
"323",3.7268278844813,1.09678583539058
"324",5.19739242864471,0.544767163336759
"325",0.988702206233551,0.612500836401155
"326",0.440706010880886,1.18634646230565
"327",0.717563873230726,0.674246328283197
"328",2.0262924983185,1.95354135625929
"329",4.12226124221933,1.94052014267459
"330",4.45472669686461,0.39491999707736
"331",0.856263225647102,-0.224095476256578
"332",2.91178580889772,2.32943931839558
"333",0.0511356189975781,0.312992635544746
"334",4.22209626865615,1.55516819732413
"335",0.693579152707117,0.651424664012162
"336",6.53830376848448,0.154358392031093
"337",0.000329566485178646,0.0693301594858494
"338",0.828729589656179,0.142569979681317
"339",4.24165979710076,-4.01515733327243
"340",4.16514798081141,-2.38575031490057
"341",1.65348610102106,2.08381730082019
"342",0.328063355717954,-0.201326827525687
"343",1.06871600046866,0.743088170323073
"344",0.435058077733176,0.595860372398235
"345",0.173758609841801,0.162465575522472
"346",1.80561255452492,1.52395138957413
"347",2.04365043594068,0.0402845432087123
"348",0.135580712964631,0.343104873395138
"349",3.51763617672727,2.97549180701118
"350",8.70107803649923,-0.543134795386871
"351",1.21763548955449,0.429480274566171
"352",0.68724625216595,1.01310444847155
"353",0.381805867908822,0.392628610467366
"354",2.66270674104945,0.05331949566759
"355",3.58516494705495,2.58753816651788
"356",1.85216595095047,0.155318566811705
"357",2.64448050551971,2.43658503665383
"358",0.00245941712316348,0.12039943854415
"359",1.15997210805604,0.890064272942262
"360",0.341528288629135,-0.29480731645856
"361",3.93534426742649,-1.91770346946586
"362",0.0191262387609694,0.586814263032009
"363",0.00258042554584097,0.238532351160078
"364",5.32192798450169,3.39886014897471
"365",0.0446833015775776,0.302300938075508
"366",0.147234152916335,0.338561813400463
"367",0.0665560745837933,-0.0607690018310145
"368",7.00957334372753,1.07474375442157
"369",0.0731829769356067,0.229066121290111
"370",0.637314254976187,1.00855152747738
"371",1.64180631475078,0.200887781724427
"372",0.108706068593987,0.531888422509887
"373",4.94053992098543,2.31417288023008
"374",1.43103344352904,1.10338619537927
"375",0.162702321018108,0.218225530387799
"376",5.26571147340318,-3.68442660261378
"377",0.704271884595786,0.658406667836221
"378",5.63963620726521,1.81237871299524
"379",0.00476219722303066,0.0155609000272615
"380",4.08682620617416,0.509785399977007
"381",0.636790204902044,0.320983930522683
"382",0.335666338973844,0.415786377762471
"383",1.70571138326866,-0.0621162930507676
"384",3.3446828925368,0.149565577932006
"385",1.25228408454794,-0.297159220975843
"386",2.33072842271061,1.78932679941369
"387",1.05218238706366,0.221120089595241
"388",0.928273285754997,0.139196994665519
"389",0.429931729079614,0.627652861074792
"390",7.9233823374709,0.446466115894576
"391",0.788132782146897,0.263297235037516
"392",0.386569436061861,0.791801845616525
"393",0.0900326123033608,0.449348211308621
"394",2.4476469483016,-0.86668044984607
"395",1.26675707431339,0.125829153220846
"396",2.19345202166204,1.67831435522634
"397",1.96628013843328,-1.10474932282365
"398",0.550989662292999,0.0414959428319097
"399",0.941551295072749,-0.140666776369197
"400",0.622623462159859,0.00721901005643544
"401",1.15066374520318,-0.307145322057058
"402",0.242648714179589,0.346287611422114
"403",2.29418527325171,2.25624371831534
"404",0.684189303591368,0.0247601055480465
"405",3.2553582307418,-0.972320314910329
"406",5.08826949340234,3.15610298626175
"407",1.42970751952163,-1.00981066251413
"408",3.69452800884457,-1.17683064899811
"409",0.0217851171745329,0.324492622632121
"410",1.45101815048031,1.01206172180196
"411",0.0524782442185435,0.412524152102268
"412",2.76006378788192,0.84750262488549
"413",3.52240329664575,3.18506483188385
"414",3.95362963724053,0.25733052549815
"415",0.0734561965959587,0.282030968643505
"416",6.41385580609762,-0.218018018029502
"417",0.000492503038352561,0.141786688089069
"418",0.00620839303570046,-0.0262305397282073
"419",0.0760449418958302,0.278331139097388
"420",0.0487621662709746,0.158627240723857
"421",1.07579808476482,0.67567413198268
"422",1.25957160605732,1.08698521617303
"423",0.150178377778595,0.268736371072691
"424",1.54071446428374,1.01387359211243
"425",0.472181557137741,0.487366487017672
"426",0.000432579737273116,0.217798533905765
"427",0.270766043673805,0.25142507656517
"428",0.00226679511418414,-0.0277514107383716
"429",0.501763502496057,0.655349984132528
"430",5.92494241188599,0.245907131761084
"431",4.40008075629385,1.95903178678309
"432",0.0519225730151708,0.272757227664991
"433",0.441816877099079,0.733360543615124
"434",0.0379345888174209,0.184316062245604
"435",0.00261247817003882,0.177600797726504
"436",0.450719500137629,0.605872366995437
"437",0.458576845480021,0.227200079129679
"438",0.0745698355114728,0.413349815678274
"439",4.16104645112375,2.79097825089372
"440",5.94174241917757,-5.32498114691641
"441",6.42211135284076,-1.12425253478761
"442",1.19958357498858,0.537364731157679
"443",0.113821103638142,0.587618865575081
"444",7.53903979589532,-2.49902352321408
"445",0.69213647293637,0.926743075318961
"446",0.498266742377863,0.871873895990647
"447",1.8662216571814,-0.389096353777337
"448",4.03031737227835,0.234366579268359
"449",0.856301863204789,0.413345449470304
"450",0.212946114679448,0.446297601203443
"451",2.84278273044689,-2.09039077243992
"452",5.37794622270641e-06,-0.28792010476469
"453",5.06886637750454,2.80592143331353
"454",4.24613917776931,0.740343397762397
"455",2.09182895847818,0.303364268927272
"456",0.00574456098271398,0.213536291727488
"457",0.129147488294349,0.356062104662371
"458",0.145212110919675,0.498311535022611
"459",6.81308873494073,-5.32515172743369
"460",0.944715469441315,-0.480551945802873
"461",3.31810875453961,3.33239800106849
"462",5.13039950893551,-3.09364621130343
"463",0.372578628839072,-0.0681444044275733
"464",0.278658531055182,0.381083881590697
"465",6.89594275050614,0.91666822942057
"466",0.954970420341526,-0.306427094719414
"467",0.331242735499986,0.293488364543223
"468",5.45968402748888,2.0685619887225
"469",1.67018745319982,0.0211029350877818
"470",1.53625181007989,0.488283923508959
"471",7.63784252986843e-06,0.180775813015096
"472",0.970431184811076,0.0704991910212988
"473",0.0649335931407143,0.361623427947362
"474",0.0678695720386154,0.0664352901787538
"475",4.08525091404533,-0.335974772122993
"476",3.26668003200514,3.87928178758215
"477",5.53817377486442,1.71803683452011
"478",2.90630816883641,2.05358223727705
"479",0.0528892356228878,0.447781377004201
"480",8.13151783088293e-05,0.0654338390164605
"481",0.240035464763271,0.384702383978124
"482",0.0207920275650079,0.353398016988582
"483",1.38561237382286,0.712550120505135
"484",0.601773221283097,0.0535746367955641
"485",0.467913356379729,0.272029887165074
"486",0.0147810207836547,0.256328997841685
"487",0.95378300224492,0.414508037521949
"488",0.378688737675783,0.2306850113919
"489",3.5052041715556,0.736562697040788
"490",0.252366019635781,0.325664269971935
"491",6.29496048186772,3.94412342456617
"492",0.0950974433188233,0.286498994489908
"493",1.09360445738177,1.26675937969117
"494",0.195487565909262,0.152847929400662
"495",0.126717488980311,0.251851283600118
"496",5.84143738225028,-3.5359754829148
"497",4.99950629482083,0.778826374198626
"498",2.62469064216627,-0.124235274541672
"499",0.00961217026433528,-0.0698350191642351
"500",1.36717953621341,0.0171262382793336
"501",2.82898661107631,-1.39428624370928
"502",0.171640545518117,0.408604693639501
"503",1.49178357031564,0.268617958311135
"504",1.3564879141852,-0.886954384995839
"505",2.5229282749856,0.907134696321358
"506",1.48188358594491,0.253595908509085
"507",1.84865524814748,2.89828651476234
"508",5.71979888574014,2.15758773076245
"509",1.54573710496126,0.0722834526061567
"510",2.43099489148161,1.09245878186984
"511",4.98324582971809,0.589129823042238
"512",0.645044495732192,0.635904895231367
"513",1.05599041552736,1.83629758489536
"514",6.32833174205021,-0.80948593648338
"515",0.00497827402941797,0.234477453700309
"516",0.0128066974490251,0.344263115020212
"517",1.00419687405771,-0.020436372522844
"518",1.01952906266784,-0.293614932773494
"519",2.83151873016023,0.215547294754379
"520",3.95391502789112,0.808623874911787
"521",1.75380404604053,0.868984188112359
"522",1.39346797248985,0.959715309796262
"523",5.39383451915404,-1.49353373140168
"524",0.343487450827599,0.855831234802621
"525",0.489263263598712,0.958062449563761
"526",6.9983493806798,-2.13864152380415
"527",0.777802993633076,0.647542759336952
"528",0.053532852179862,0.333347535975266
"529",6.34223873070231,-1.57538586340564
"530",0.916149570041723,0.894785144954735
"531",0.056780104168109,0.289862694504989
"532",7.48535627117142,7.34216106262968
"533",0.108518798861264,0.12420613828364
"534",5.48272077065114,-1.86243423851675
"535",0.081564725792553,0.508916602937338
"536",1.60087267880285,0.354006152453163
"537",1.78305804980476,1.17936597963683
"538",0.835968772981483,-0.0894148825084049
"539",8.58819009776114,4.04200557866828
"540",0.0541504817537842,0.332301443650848
"541",0.366112068802526,0.620393211927794
"542",0.119113274507194,0.213862486588709
"543",4.0507486279661,1.61982887098239
"544",0.109465045194132,0.34467344835485
"545",0.0313654146078761,0.28567995741577
"546",1.82163826087647,0.863381311278633
"547",3.37936794890897,1.78343234322542
"548",2.0376297422838,0.0937583983157509
"549",0.458588512752189,0.96433788589373
"550",2.85157155599219,-0.58958738226115
"551",1.04488671618008,-0.116362319746981
"552",2.95085448594689,1.38688691594694
"553",0.136609961543001,0.348492256376148
"554",0.0807804845517943,0.160799638736204
"555",0.263714052304701,0.415323949643499
"556",4.56788526315348,0.219685492648647
"557",8.42400646307272,-2.17461642348106
"558",7.80493389155353,1.73429385221823
"559",1.87244293281658,2.10609933327171
"560",3.93580347681105,2.99256846731149
"561",2.95641008720769,4.78930649428427
"562",1.45348611970219,1.07107640669098
"563",1.14214404872776,0.0833589260360699
"564",0.370201891307735,0.364922237098106
"565",0.152953125964686,0.465567602876222
"566",0.30318437457364,0.13798221522015
"567",0.000122287135862305,-0.0131794339765771
"568",6.7735660424588,-1.84059743410251
"569",2.94731414033083,0.944313391461736
"570",0.0095369688016515,0.234736080086397
"571",0.128550803263063,0.225155511420239
"572",5.11900412989793,0.407133291867775
"573",2.85707930395523,2.91880588357866
"574",0.0927553925852894,0.237894792928893
"575",3.67575566388094,-0.252181969572391
"576",0.568059711414746,0.940101225478295
"577",0.836157952015985,0.52554482145005
"578",0.66964268965744,0.684588335995626
"579",0.718684054683953,1.12154169570063
"580",6.0812734776459,2.95267643837384
"581",2.4105940551424,1.19573604578557
"582",1.99808164737111,0.320406542902318
"583",1.5442273654044,-0.0526274648596783
"584",0.340972736037008,0.631011178074996
"585",2.54465058932057,-0.361342655568703
"586",2.78908440417399,1.16693038538641
"587",0.1159962172975,0.242742965343584
"588",0.423100248794516,0.420980853561395
"589",6.84790643100026,2.97623255172319
"590",2.89553103720314,1.00005686433529
"591",1.94691179307967,0.182014239108969
"592",0.319342169861328,0.31661624251767
"593",3.55864883723817,3.4853904152126
"594",2.44721304711759,-2.93098122340426
"595",0.0288095696219647,0.316627338638708
"596",4.54974576056546,-3.87581466608649
"597",0.00579273437318048,0.15044883869028
"598",1.53495047278997,-0.208023931370624
"599",3.59122291058559,0.123780125011844
"600",7.76951171884065,8.15446865526645
"601",0.111067189655918,0.616826647343999
"602",0.128664388922332,0.329767487110804
"603",8.08499646583577,-2.95274317844776
"604",8.21606578679623,3.07311305679175
"605",1.10536540009612,1.00714598241085
"606",0.911465684295481,-0.300609455369152
"607",5.09941431745046,2.01321429039449
"608",1.35128698394545,-0.0843368187276206
"609",0.372200474107074,0.197248195157809
"610",3.56198514871039,-1.40063574794843
"611",0.317940967229854,0.402295175022178
"612",0.493387179099714,-0.0202064391120036
"613",0.40825619715387,-0.163636995315372
"614",2.93189615400897,-2.47046059828073
"615",0.051064757908389,0.284134032406608
"616",1.89550966756032,1.4113513079443
"617",1.34745396046026,-0.0412613683169344
"618",0.833524542278104,0.208662283759955
"619",3.42689439392291,1.79766037491569
"620",1.94966345096982,0.763851366433435
"621",3.42623622294989,3.32502459053718
"622",6.09020106138005,0.269689265817044
"623",2.52353981062813,0.145598639631152
"624",5.41903366367966,5.79429656618296
"625",0.37341273004038,0.374706848439965
"626",1.86425681176092,-0.702008748824844
"627",0.236190080431516,0.514038202706967
"628",0.215141847219777,0.386203933449173
"629",0.348033170127285,0.523107509824976
"630",0.973753489316896,0.800447254882934
"631",5.99705628816654,4.80987952109755
"632",0.553278380931064,0.920370649072526
"633",1.48681184981039,0.463564182586085
"634",5.6475009469107,1.63892481719202
"635",1.06595412531463,0.971433872120537
"636",5.66906069473521,1.69595355921624
"637",0.6179588419702,0.443645400705846
"638",0.679401911986751,1.02544804178017
"639",4.99308500475194,2.34263867163532
"640",0.665187694802319,0.276423086891256
"641",1.53978560566871,-0.0580522723835419
"642",4.66775589643498,-1.11237305457376
"643",0.00736790545471736,0.0485971185946271
"644",2.05899450954217,1.27116147118797
"645",0.823029863638784,0.307437339898923
"646",0.00156847935776114,0.142405723821856
"647",0.562711283254388,0.0497231082033771
"648",0.252526488642978,0.387717793910601
"649",5.40203518757058,-5.46738422738822
"650",0.899305791278647,-0.632214264416205
"651",2.8327092731732,2.13569583185777
"652",3.40143211106291,-2.1029045703128
"653",0.519111920160751,0.264156244583659
"654",0.113501486004205,0.125577608492596
"655",2.6942049393052,-0.2700215286747
"656",5.24758400574131e-05,0.0807749304752546
"657",4.31389532380263,4.01380555008711
"658",2.7509523006754,2.56800352042954
"659",0.082890924231868,0.332757424510242
"660",0.15766817287135,0.252245816434784
"661",0.326292328626855,0.463643352755086
"662",2.25423522219719,-0.516041415430371
"663",0.842847460563776,0.508961471777231
"664",4.01587272536492,3.03924537232254
"665",3.80528812103206,-0.182938550640786
"666",3.46784875285081,-0.245536264678722
"667",0.0287323049087245,0.340245987289832
"668",1.17971697375036,0.748543220344047
"669",7.25287518082494,2.02015089915968
"670",0.562524050691251,0.766446728328199
"671",0.101424627926597,0.300351510662372
"672",1.61220942720772,-1.52628799807944
"673",5.29408650706874,2.40199599868752
"674",0.16711210864015,0.08712962484742
"675",2.60320748242277,1.09309010874483
"676",0.0055869967812429,0.245382537426257
"677",0.0604987433511648,0.278235218946536
"678",1.90392228366916,0.735609355096225
"679",0.594585673896856,0.906025737347312
"680",0.0394904907289513,0.360379436737869
"681",0.499302264433167,0.870695176700459
"682",0.128544036195086,0.126054929375472
"683",0.553544282891857,0.106917276621894
"684",0.730382665179293,0.632454445421731
"685",2.14756665517557,0.571319512090829
"686",8.23251547180976,-0.999645324725426
"687",1.42988032322975,1.24778820574188
"688",0.546238900937477,0.40947892511438
"689",8.39142811632226,3.70662093466726
"690",0.0408840733406129,0.156621969164162
"691",4.85068859983619,1.20088404270717
"692",3.60950885920465,-0.565061183606397
"693",5.61258139710422,-2.44598263083642
"694",5.85839686382533,2.76995251010645
"695",1.28419084986948,0.933769765018627
"696",2.80788230990447,-1.25935392175968
"697",0.0274683119379323,0.279647367314019
"698",6.47410759344059,0.0297834477889528
"699",1.06509189046884,-0.203555808810377
"700",0.322355140599772,0.445849430456637
"701",0.0410875299347888,0.324599168979918
"702",0.778077555766493,0.501459145225588
"703",0.205100649194767,0.635513640430313
"704",4.98791804656469,2.66428443380366
"705",0.0720929356837452,0.0975766934442298
"706",0.372731889874905,0.964031647335012
"707",0.00910115298810038,0.289738712566415
"708",2.8313989401307,1.49145494826162
"709",0.0216651578611459,0.373471910291318
"710",0.653860638367571,-0.10988729871255
"711",4.49118837880967,0.834490822226495
"712",3.3070777834773,-2.11025253112117
"713",1.97342712159412,1.35589394437527
"714",1.61458310351616,0.683622337589698
"715",0.199188114385642,0.262770556126602
"716",0.90570185306834,0.626709875511802
"717",3.40896030131863,2.59860288799847
"718",0.297376534755769,0.496837585792068
"719",2.76121696624387,1.05323211660851
"720",1.69251257905677,1.54360149617689
"721",0.538080651094054,1.28513979081394
"722",5.34733132569109,2.42223942654405
"723",0.00451716516492975,0.0777980883847952
"724",1.77046239288715,1.26054755852019
"725",0.194919102019354,0.611312639437825
"726",4.41983733972562,1.57548151167742
"727",1.01522327822082,0.0108751066200152
"728",2.80324390487628,-0.830354645682014
"729",0.00224733843328434,0.148077490088763
"730",0.319188167515125,0.0425108247649503
"731",1.92790493807606,1.06300393044369
"732",0.00733169901908072,0.286834026961172
"733",0.0152463943414874,0.271744285338009
"734",8.03877635567822,-2.52773628334626
"735",0.742201134285702,0.339751138164083
"736",0.554961951808533,1.13938370438525
"737",5.38530940193818,-4.83745811845062
"738",7.19606724200835,-0.455081590405877
"739",1.55532495710137,0.381200499197379
"740",4.92025825352369,3.06060310057578
"741",7.00314621933933,-0.873146982185902
"742",0.228174874964537,0.328132784638155
"743",0.01348798131611,0.167472404805441
"744",3.2720223462278,1.25659042563463
"745",0.208413196478547,0.100367098710293
"746",2.4623083192265,3.44540684084162
"747",0.267170345676777,0.304833501111998
"748",1.2001112155702,0.30594510465884
"749",3.22799021559482,-0.0357525039419134
"750",3.11652012402109,0.280764791083462
"751",0.61523794602575,0.43193173235296
"752",4.42864002292922,-0.0791943490857192
"753",0.0778692723549236,0.364918282366248
"754",1.51932337734714,0.493695188039651
"755",1.32564246637683,-1.00333996777552
"756",4.16619732910848,-1.26527012032545
"757",3.17757140012511,-0.165272269525108
"758",7.4674960337108,7.08137777641302
"759",6.06219339779042,1.54377465628739
"760",3.54475306447717,-1.50798079720891
"761",4.28648210250284,4.7654022646814
"762",0.145395858763342,0.432836630534482
"763",8.32769506513237,6.7895558755819
"764",1.89153696032435,0.286641988755523
"765",0.600755204835753,0.635816072172149
"766",0.00129979343641038,-0.0063402369209456
"767",0.165882761737126,0.513511436016535
"768",0.175833021928605,0.203295609653206
"769",3.23236876145085,-0.379994123320166
"770",3.3555398262785,3.03302364967081
"771",3.29899184209847,-0.857918569331931
"772",3.45055255620817,-1.29372578731599
"773",0.03350943889445,0.345349995534395
"774",6.86881960155056,-1.44966324708862
"775",3.75634425116424,2.40203979222848
"776",0.854154062622501,1.54083094890549
"777",1.21653923227705,1.74391671039669
"778",3.80830357574198,1.35617567256338
"779",0.264808121425061,0.36181663642571
"780",0.248979429377992,0.539491739109106
"781",5.15319847884315,3.27318271660228
"782",4.44006609498788,2.28178769399665
"783",1.70402649088429,1.23247532716493
"784",0.189442114957203,0.299209059974828
"785",0.511563217440126,-0.41229494272462
"786",2.62653792380142,0.508735440401051
"787",1.25403256552549,-0.114034927455923
"788",6.19861843818529,3.90708001607328
"789",0.118106010993532,0.354688572985188
"790",3.55678870542734,2.06148729662136
"791",5.76326340656184,2.35936952459733
"792",1.65715277829981,-0.636482727216972
"793",0.634263197291485,0.72152404108511
"794",4.38768532540856,2.13018161504609
"795",4.9593288974382,1.33724146523795
"796",0.248407249606383,0.175570511466838
"797",0.216779907161664,0.620637702209813
"798",2.48616053863485,-1.49875720539458
"799",0.250857078224949,0.702618162855848
"800",2.0079792635373,1.69947081515549
"801",1.70399081571983,0.274347358645046
"802",0.489361300705854,1.05145316488171
"803",0.106770522615746,0.361243933444531
"804",2.11839813621726,-0.101862695087596
"805",0.278539383277225,0.599557230399018
"806",8.64629067300047,1.40845968578055
"807",0.329165334915939,-0.0878711631967862
"808",2.54486994019586,0.232348066288015
"809",0.904850065200857,-0.368937710945176
"810",0.00893392901808789,0.130923305839925
"811",0.0692333327684715,0.232972539092774
"812",0.183450877326128,0.609275262450204
"813",2.06203643502854,-0.975951093403594
"814",0.0607079446933607,0.298744532493096
"815",0.0229931287879056,0.257086866440236
"816",0.000698393720688205,0.0727884896967774
"817",0.516076122815427,0.182816693389126
"818",0.0379335020797385,0.347333872996337
"819",0.0240249117521062,0.290097337209953
"820",1.19129669256034,0.677904760984799
"821",7.83357689304287,1.52987488972402
"822",0.508176842005034,0.994143888242417
"823",1.05463371928393,1.0923377107918
"824",3.75137170755592,0.0382721646151442
"825",0.13925720723836,0.312574579965223
"826",3.01534760675372,0.22084720700344
"827",0.797058362438663,1.06275176607246
"828",0.10037327476965,0.255690938991063
"829",0.034181297069632,0.127776386085414
"830",1.42829583543219,0.986456755550419
"831",4.018842809607,2.47687992602451
"832",7.43556665397943,2.70221346146992
"833",0.000792384455038655,0.224827026403675
"834",0.936613918542867,0.58220090261324
"835",0.081878267714116,0.0623490435166912
"836",0.0196715915470843,0.267182774132395
"837",0.408446434110765,0.740791256159725
"838",1.98602153125633,1.30349019721928
"839",2.30300875759732,-0.202568498753345
"840",2.45102497978801,1.5698255384274
"841",1.59992563624064,1.66821915557818
"842",0.132118122615556,0.658956616076964
"843",2.91942126159021,2.4552323391463
"844",1.41752139970399,0.625391732568029
"845",0.947511952901434,1.00406084912697
"846",1.02590621311522,1.27752253227575
"847",0.158979304958952,0.517808701070524
"848",7.81957369635793,2.674145105597
"849",3.68028205947447,2.40025092609185
"850",0.817698171672904,-0.29980712458117
"851",0.188990420377775,0.309933453366072
"852",0.125525719182603,0.633837742026244
"853",0.468423634941268,0.65450817011282
"854",0.288076931454552,0.228203824185885
"855",4.97655411668809,-0.0581198105780247
"856",0.124796302102294,0.167567189612684
"857",2.71298078917788,2.82249634389393
"858",5.37776163260722,-3.40538864695945
"859",0.790937324638081,1.32790782960539
"860",0.0130301956669383,0.0615267863762304
"861",1.9422526493615,2.09739910630806
"862",0.178738018945394,0.767894367247618
"863",6.13226932321898,1.871334039605
"864",6.13552643113763,1.09845786062337
"865",0.221652236855973,0.307059719926932
"866",5.72803935879638,4.07897395584075
"867",0.36380176256286,0.829656659851616
"868",0.580920394519831,0.432969531880382
"869",3.7146197129707,-1.10094620564998
"870",0.0772807520055164,0.459771596697041
"871",0.033886585293854,0.269086925725096
"872",0.163725370598412,0.333911374258982
"873",3.84934564562283,1.09702678101272
"874",0.286853218891203,0.279624225929959
"875",0.0694613876712978,0.299911059624669
"876",1.09520075909906,2.406455445064
"877",0.00613138219167384,0.283574886246823
"878",2.27382307945515,0.054202433121514
"879",1.20145433263413,0.850598674699978
"880",2.68204600642926,-0.895490796508524
"881",8.56306912280546,-3.15436559711021
"882",0.149998162399767,0.189973643068295
"883",4.66662849851345,-0.70533412056761
"884",0.0120240451746065,0.178163257699069
"885",1.27357040326619,-0.748831956172024
"886",0.0685056932593238,0.322703484081813
"887",1.31651031683491,1.02911690378594
"888",2.22602008687372,2.03783091408058
"889",0.0144209441187856,0.0691884846674134
"890",0.0420160651217853,0.273213021386467
"891",6.59547113724264,2.23637222854761
"892",0.817953280245026,0.567687273224432
"893",0.200793013074752,-0.00400146671845536
"894",5.85241154361028,6.5346595695196
"895",4.46563261461393,2.32844678875087
"896",0.823569390203599,0.463850234832655
"897",0.0595022033463295,0.170811158541578
"898",4.60643419946608,1.65712589941245
"899",0.031073585591205,0.444710440193491
"900",6.26107529663212,5.06244592236041
"901",0.240558606872139,0.413889359637389
"902",1.80402282858156,0.0897300049286232
"903",1.44041188669642,0.619046787287614
"904",2.70755128358278,-0.967236100526315
"905",0.726075634655779,0.838411118238668
"906",2.05485563217187,0.852118994077631
"907",1.3649715195903,-0.192113156122773
"908",0.530806478452249,1.22160645114484
"909",0.74529806301332,0.207870967447073
"910",4.57843797389511,-1.20433312564647
"911",0.425474696719868,0.152203302579007
"912",6.22885405416847,-0.648436875361587
"913",4.8529557003837,1.24866664250344
"914",0.403058730148586,0.353063468798775
"915",1.73655017131845,1.95739286833084
"916",0.561573990520297,-0.00813124346911676
"917",0.150483422254711,0.556590532173919
"918",0.103652029503499,0.281532209305183
"919",0.00149137247314131,0.0733347671813073
"920",2.08893375015522,-0.502565250861529
"921",0.541441639489395,0.423841128316455
"922",3.35991727335149,-0.808923959274819
"923",2.08922463399308,-0.413808164331474
"924",0.886166946471746,1.13428285402623
"925",7.04391576830866,5.74694032613272
"926",3.35844606989235,-0.374794379340825
"927",3.15929051538983,0.336975030128358
"928",0.145970747976934,0.130507034071856
"929",1.29874894148321,0.389718436156467
"930",0.535870152711688,0.592621326416816
"931",0.0383734011544661,0.277417491736099
"932",7.79500312446598,0.00902363774790393
"933",0.0894934276858415,0.206115448544561
"934",1.04094217685435,0.589638550505269
"935",1.49106144285466,-0.993814802133704
"936",2.77129506202982,-0.46053204264807
"937",3.01881776880929,1.78515349045455
"938",0.0116965724812739,0.126784450521993
"939",1.19625164328632,-1.13450235291426
"940",6.72118887430471,-3.49822234549631
"941",0.0474922421455813,0.458687724211392
"942",0.737523254487651,1.3040905759469
"943",2.61142452180657,-1.75935855349097
"944",0.252296150947804,0.50306541217901
"945",5.53818702992237,-0.161187192226391
"946",0.28322897699359,0.252114045875554
"947",0.791679851370003,0.764696842923543
"948",0.0354920613867403,0.318052537378301
"949",3.65615366401784,0.0514335499002798
"950",0.106018178948838,0.218083357624894
"951",0.0309047563014174,0.21491014033725
"952",0.518706529549464,0.243163826173395
"953",0.318401880993881,0.0195373745105349
"954",5.06781297662719,3.35583440288114
"955",0.333254545598211,0.0734941744935617
"956",1.82143369481767,-0.075224204262628
"957",1.29563689850607,0.22830698193891
"958",1.60962268634895,-0.519060763268263
"959",1.60935151069703,-0.129395028422843
"960",0.574632147551467,0.868986331823129
"961",0.00966781187358692,0.274721324219093
"962",1.30129284998188,1.65091222687814
"963",0.243691345192237,0.613896448125218
"964",6.08370215844315,-1.78816378467277
"965",3.57324343151693,2.05768789720951
"966",3.14332663576862,-1.75925545677765
"967",0.398472423514906,0.794993361021386
"968",0.046450309365852,0.457620970023163
"969",0.318009571059686,0.391582564128892
"970",4.20490966445003,-0.516680110447598
"971",5.73326145126596,0.982633416686823
"972",7.01269109973829,1.8003739304911
"973",0.178962048769163,0.179183951659241
"974",0.20225929377705,0.614658161011586
"975",0.222131886623635,0.545683529308765
"976",0.261944422621643,0.602027092282609
"977",5.1586854942096,-0.0228126414152422
"978",4.04189363407499,0.722134324213649
"979",2.26102750397218,1.49294785028668
"980",1.58794688772621,0.833819822396509
"981",0.0941282868644372,0.448042346057095
"982",8.58665707165343,2.49003956778379
"983",0.0882347391480475,0.344265262472327
"984",3.5965644670953,0.256760147444577
"985",0.224589989948065,0.434774906455856
"986",0.000102545907908882,-0.0812214643835718
"987",0.087086301844788,0.180305710771755
"988",0.671871952075043,0.817762278117689
"989",0.757475465326581,-0.421935844127566
"990",4.55656540327495,2.63963338576858
"991",0.258184495231827,0.404440173534732
"992",0.0027515942340416,0.0479956331466681
"993",0.171686869809688,0.479842750101599
"994",3.36606357543141,0.92018147640025
"995",0.00740335282062909,0.0778974541612508
"996",1.31621184552236,0.041005048410177
"997",0.0852835117000633,0.163347496782595
"998",0.0740789544691789,0.612332641984107
"999",0.524993253081264,0.0329122375474671
"1000",0.895487508329977,-0.625741429797548
"1001",0.734775334789697,0.95909982992937
"1002",2.36999315700364,2.00104916213621
"1003",3.56765524111677,1.64042193144091
"1004",1.02043269262771,1.12492740091726
"1005",1.13524131170381,1.23136953285986
"1006",0.479504647376125,0.679310389900602
"1007",1.7873177754395,0.698602152164834
"1008",4.25686680220649,2.75807656632258
"1009",7.80461976304504,-0.485787559403559
"1010",0.0234425263217604,0.194385900031752
"1011",0.5199705896226,0.0761988660324077
"1012",0.286748016404791,0.0865918404824569
"1013",5.42471736850395,1.93455425123909
"1014",0.0331721848021782,0.24363064650013
"1015",0.946923418250461,-0.0906773847720876
"1016",6.37863670944833e-06,0.0886455181294979
"1017",3.92805802518552,0.292933128135074
"1018",1.34669058176467,0.00778620666965968
"1019",0.67619134268982,0.33547317532382
"1020",1.51972334196612,0.331282183047828
"1021",1.83287036028283,0.601652939769009
"1022",2.19263043572871,0.654663781224881
"1023",4.30859946883667,1.77051121903574
"1024",0.776669574262077,0.420826363505872
"1025",1.10822782063972,0.155980384559781
"1026",0.104731221959664,0.359253748679015
"1027",5.25912490740216,-1.23361409077734
"1028",0.000558422031637675,0.0953964140063838
"1029",4.7308600403443,1.80874825004565
"1030",0.823164964377871,0.235808183808445
"1031",0.47556019024818,0.828541830927119
"1032",1.63490867108126,-0.135405067730741
"1033",1.48363235524306,0.684870882331665
"1034",0.516403421943467,0.139684432951944
"1035",0.0188118710027776,0.0750503460552754
"1036",0.609399859675796,0.254603776974654
"1037",0.138417115388893,0.521879908682471
"1038",1.54856519174622,0.418715348617566
"1039",3.23456585035224,0.0747919221064199
"1040",0.946226281193258,1.16746977774725
"1041",2.58996965762557,1.57466919493817
"1042",0.646539142114322,0.830294637953207
"1043",4.32164718517974,2.00222631886358
"1044",3.87069517262015,1.26424579539256
"1045",0.114768634125975,0.27108930703849
"1046",1.99327205105899,1.01076665182273
"1047",0.265801541944307,0.107464761893055
"1048",0.601870925592809,0.437055583786004
"1049",1.1043217259864,0.761679823000002
"1050",1.362988723639,0.848686777989367
"1051",2.72042265292572,0.561947836798724
"1052",2.02661609715485,-0.973425133220577
"1053",3.42308018320035,1.18851057026378
"1054",0.188209595047531,0.515279296728712
"1055",2.08348619382663,2.03990914275285
"1056",4.38131009227026,-1.84123181761435
"1057",4.26860219080112,0.710335544582599
"1058",0.625210005382482,0.577467637315868
"1059",1.28846107067205,1.03459734348419
"1060",0.0144031853603,0.210479337958727
"1061",0.163651811022194,0.377966302791232
"1062",2.38668433005192,1.14320391492452
"1063",4.86409541667036,1.14988199126188
"1064",0.0509004553493889,-0.0958724545016011
"1065",4.647290076915,0.594408459098708
"1066",0.00948627823142274,0.226152935074934
"1067",0.223543568086763,0.559673688879027
"1068",2.75818271533728,-0.522535477208071
"1069",1.80785641965505,1.6270255554387
"1070",0.374276738609439,0.148659996026852
"1071",2.73379102788994,2.4885849849675
"1072",3.64184420859068,0.138629043373404
"1073",4.69138691671603,1.75198135569211
"1074",6.65436024854711,8.56380685677988
"1075",0.457983426634228,0.437764371743206
"1076",0.453900760842608,0.158636269779891
"1077",5.18895693426139,2.41712347334926
"1078",0.62035630155494,0.861734558026525
"1079",4.41509277303031,5.54732374204662
"1080",1.23526805578918,1.53624880045034
"1081",0.511156344076594,0.177074735906055
"1082",1.43213589475994,0.77063806637272
"1083",6.99247492612677,1.93985340545897
"1084",0.389370267568433,0.408140294479287
"1085",5.81470853568131,-2.98062535194128
"1086",3.6406661270599,-3.41179846116489
"1087",2.75074400685691,1.48876519572403
"1088",0.00545512991603242,0.218756289499956
"1089",0.154643842698543,0.492254429104694
"1090",1.16331082281338,-0.467591599328297
"1091",2.89213434265328,0.610378063252423
"1092",0.0231453462964346,0.0893707059383231
"1093",3.37203412751759,0.623660637855366
"1094",0.180971804500894,0.349505282468605
"1095",1.69869920394727,-0.944453757752052
"1096",0.349668934691922,0.580913474797968
"1097",0.917921343266454,-0.3855119526445
"1098",6.19730997702694,2.0999496089924
"1099",0.547495760754147,0.519847155668106
"1100",0.806087296662344,0.808090210367595
"1101",1.34459511590981,0.664082341270781
"1102",1.03801697826525,-0.328250813252422
"1103",3.9380709553888,2.04616049692479
"1104",0.137460569729339,0.482663270634861
"1105",0.0352918357503613,0.17522290518969
"1106",1.64927101184632,-1.06283735062391
"1107",0.467542987330979,0.540334903272525
"1108",5.25484626215476,6.38356142671695
"1109",1.27088795998773,0.756449105566063
"1110",4.63960373666104,-1.37843202733197
"1111",0.00195296019175381,-0.104564999209128
"1112",0.771496569429562,-0.594004980446052
"1113",4.61816972966254,2.97238732644682
"1114",9.30868370693017,1.72791349168008
"1115",4.3367454349037,-1.70471406808646
"1116",7.72486039015065,4.27368073578599
"1117",0.000821064590408417,0.262112310567722
"1118",0.837975862828895,0.944550190042118
"1119",0.0161823337005058,0.275604896572398
"1120",5.94292039116264,-1.32520358446204
"1121",2.67025498429745,-0.734762733770359
"1122",4.16318284420474,-2.18710475377896
"1123",3.94810151845963,3.35372191325521
"1124",4.48346849871831,3.68208942461809
"1125",6.82569567014255,3.51286176984507
"1126",2.8728828896518,-1.19788417354407
"1127",0.359856213311435,0.26225611576555
"1128",0.00798074015520369,0.139702757510597
"1129",1.50003921678776,-0.385320560880335
"1130",1.34297023731583,0.759653531581504
"1131",0.737357791636553,0.608710306501187
"1132",2.6776843319611,-0.623013399396948
"1133",1.00797693575984,-0.0949980824901191
"1134",4.13799617883103,-0.174981860787365
"1135",0.263611210575717,0.425103909998286
"1136",2.14326900468399,-1.56270019842069
"1137",3.58774469951746,-0.90472726882541
"1138",0.982268865239159,-0.00342181724916873
"1139",0.0291904125185186,0.0701798872113509
"1140",1.1935307201683,0.445379260737212
"1141",1.69191796698882,0.694161497452387
"1142",1.9799064844706,0.286840034966127
"1143",1.92750661373873,-0.647068576552069
"1144",6.19603864003357,-0.140137313972164
"1145",4.69816671096495,0.685340170844364
"1146",6.60589001311826,-2.30210660974711
"1147",0.420299872842771,0.341574908502741
"1148",3.91352725665133,1.5042039772338
"1149",0.912149069991589,0.563970398930764
"1150",6.62337071341065e-05,0.0268526509943884
"1151",1.29809965727999,0.0580494377152467
"1152",6.47333527817637,0.09009319700297
"1153",0.122324549361332,0.2613442228575
"1154",2.66280294134561,0.420523397092737
"1155",0.0421067651605255,0.140912785938933
"1156",5.01333803496508,1.90357363787819
"1157",6.38444532756312,0.54280547480982
"1158",2.80303309732086,2.50435365532979
"1159",0.497077089327627,1.35241416513575
"1160",0.545359348098387,0.301801899395505
"1161",0.0419843516291557,0.259796432663313
"1162",4.10590094507989,1.10365987839366
"1163",3.25995391002669,2.09726280531049
"1164",5.14442530698977,-1.14490202176284
"1165",0.329742798869058,0.31878520374408
"1166",0.0704225372983068,0.38726664541638
"1167",0.702189848814825,0.389110563832326
"1168",3.97049756057811,-1.21122911612579
"1169",1.47914512617945,1.08008616116835
"1170",0.206847391269494,0.501178789893378
"1171",8.048561802512,5.08074814020131
"1172",0.333190053878015,0.362448253087336
"1173",3.60000739574883,-1.17954074461745
"1174",3.18520084050226,1.82946268696981
"1175",1.95140263565604,1.04651824338617
"1176",1.81687031989315,-0.175856865365871
"1177",4.40245070452682,0.947436495243527
"1178",0.012676747545951,0.251087929923433
"1179",3.75045708527681,-0.094455717109693
"1180",5.76837338671672,5.30216298020779
"1181",2.74146211479385,1.35787343262898
"1182",5.22316456729943,-0.0751894644048335
"1183",0.934377169201839,0.656053220876688
"1184",1.93771763064089,-0.330384421730867
"1185",1.28349733178784,1.06170405599915
"1186",2.79814208609504,1.69802025280506
"1187",0.333104089691889,0.77172761525437
"1188",1.44827896560588,0.553274507285688
"1189",0.0038896200766536,0.271255878959991
"1190",6.35643785103898,-0.255900848001024
"1191",0.149368342568919,0.232275316856355
"1192",0.825874552239093,0.0962246618427229
"1193",3.351321676389,0.681006810582402
"1194",0.24835317533848,0.311952494835194
"1195",5.31891275448086,3.12055472641671
"1196",1.55715039978134,0.201818462389351
"1197",0.0840360438574071,0.307306132881637
"1198",0.542902340056198,0.434279033667121
"1199",0.613904716417465,0.301978219347634
"1200",1.05083190893894,-0.603231867171286
"1201",3.60099325595105,3.47482555316945
"1202",1.05285492978395,0.195938461790378
"1203",2.76557297502611,1.44119407155559
"1204",0.0682265579538918,0.349608547415143
"1205",1.2429399144284,0.0415888971173569
"1206",1.11321636294625,0.594895389381355
"1207",3.65142363254086,-2.49171559533069
"1208",0.595224194116481,0.514391225145709
"1209",5.93187915056374,1.39349819377307
"1210",0.67291291906355,0.69779658869592
"1211",2.40894012279613,0.00251071638834954
"1212",0.75776753900728,0.698592726133159
"1213",3.45154606698539,-2.44142972399762
"1214",0.107236369412139,0.510178422260319
"1215",0.578760772480887,0.202132022047337
"1216",0.0155661715006799,0.195224102120884
"1217",7.08782925912125,2.36348422298244
"1218",0.0341851032917518,0.217266107952616
"1219",1.91917009561341,-0.513027255280791
"1220",1.08300621140834,-0.296060707964105
"1221",0.444311268363753,1.06725541653184
"1222",0.586697733754322,0.523660581968139
"1223",5.1719373181813,1.45456289326048
"1224",0.0531915408977237,0.340652077603687
"1225",0.78715427921545,1.16849165191499
"1226",6.36076060149278,-4.53716689250082
"1227",3.47697250888109,0.172687464782405
"1228",0.76752491516121,0.819611495519375
"1229",3.67191358565213,2.44489346720246
"1230",1.7745389679356,1.59402077901592
"1231",0.00496045595183244,0.0172870470257229
"1232",1.97758012133599,0.363552426909716
"1233",0.239327881859461,0.291999439099336
"1234",0.373111787321205,0.600406523940806
"1235",4.33846432414589,-1.26438927154996
"1236",1.02501727007634,0.123889814007214
"1237",0.00378030346887519,0.289307376028823
"1238",2.27664046712451,1.60983722435353
"1239",0.533133302026722,0.506018296172314
"1240",1.67297580316792,1.00874373686242
"1241",3.83216518335054,1.12503031376632
"1242",5.86840405723401,1.42554752736954
"1243",5.48491983159001,-0.600807378741861
"1244",3.40456813051076,1.72830023132347
"1245",4.80744661806706,-2.04363098733251
"1246",0.0236164062501477,0.16875486990805
"1247",2.08463872869282,1.89713092680432
"1248",8.55381296044896,-4.1871039559096
"1249",4.86289943992184,0.424782825500415
"1250",1.28351319790008,0.127064871530933
"1251",0.29318545205558,0.0380446968791975
"1252",1.46795163691065,1.69601595279881
"1253",0.0971295769159628,0.33644203269518
"1254",2.88772103115816,0.782105531414598
"1255",1.74923262136475,0.996599883923355
"1256",2.38913043235061,2.38706498476398
"1257",2.78993238309591,2.2231367673012
"1258",0.183900047298282,0.654645468274949
"1259",4.14405059426213,-3.55829875788774
"1260",8.15564717236942,-5.20954525543125
"1261",5.03092467452273,0.470345982495318
"1262",0.300348644237236,0.493469351952457
"1263",0.336216001588261,0.417588773955405
"1264",0.00793508269663202,0.0851198409738714
"1265",3.17541471943979,-0.876893832752223
"1266",0.109345818965026,0.473454721735444
"1267",4.18104324503552,3.20832013342262
"1268",2.59371401547942,-0.323188659950402
"1269",1.31622157004938,0.335062330099677
"1270",0.0571155206052053,0.506691447377099
"1271",1.3630858843036,0.996609908469868
"1272",0.015416291087771,0.113884442897839
"1273",0.124124100549989,0.27651754991239
"1274",1.5788487499487,0.87972956053986
"1275",5.41020301579565,-1.82380249918356
"1276",2.60993365232684,1.66546802267724
"1277",1.6453557785886,0.235783800592166
"1278",3.58959569775371,0.615237188289079
"1279",0.458684670907184,0.602776194020354
"1280",1.12994774171647,-0.40240742833601
"1281",3.96833910978076,3.2717238280834
"1282",0.169685633281932,0.594945815227062
"1283",2.77720102937953,-0.252100683910272
"1284",0.213234718677471,-0.00405788665505225
"1285",5.78150579609029,-0.68618089574037
"1286",5.97581515198637,-2.65786622863509
"1287",0.508350635709337,0.424517131390045
"1288",7.17627707511363,1.88784894729714
"1289",5.91068712057638,4.0219609201246
"1290",3.65833001508725,3.49652750978777
"1291",0.15363755830036,0.0104620430672635
"1292",0.321834316555379,0.571255187508635
"1293",0.0100460958470847,0.377809011804229
"1294",0.293326567460342,0.475140395605342
"1295",0.0261387043032418,0.285434515261613
"1296",2.39870998338523,1.12741276647293
"1297",0.0199403220528176,0.109754596962752
"1298",3.74574975571188,-0.933970100196782
"1299",0.918659050031858,0.952589750408882
"1300",0.945438527013699,-0.0395972310528728
"1301",2.79446006815392,1.89935347721094
"1302",0.253814295050005,0.225217642918564
"1303",0.390437053352103,0.27406957775398
"1304",0.124756232207086,0.247581802011843
"1305",1.6319698031099,0.166778208265989
"1306",2.60159744471929,-0.840032770673355
"1307",0.33191147520706,0.283058581578644
"1308",0.345124779526964,0.0856198639543651
"1309",0.0438132651662219,0.282793887811194
"1310",0.682457497390705,0.895302940892106
"1311",2.34939356894627,-0.0793839004010192
"1312",7.2941650471205,6.20641861073932
"1313",1.40200535853856,0.544257346970966
"1314",0.0846451747298883,0.299729502639731
"1315",0.146170973885837,0.633815680828797
"1316",0.900029775209894,0.663190081298115
"1317",6.0859449331586,3.96981797720456
"1318",2.72680736803448,2.12054121403557
"1319",0.811951593507067,0.524026227784964
"1320",0.772472835662449,0.759378370741876
"1321",1.45205141093736,-0.0763330034306969
"1322",0.32656988485306,0.0676430035229851
"1323",1.09664844455127,0.339711844638086
"1324",2.66731840937093,1.80276447392856
"1325",0.0224097379020792,0.163663453222319
"1326",3.01213868364439,1.32177999457219
"1327",0.997041995964075,0.844046410371731
"1328",0.707164934553137,0.389971732880991
"1329",1.05118616419466,0.464411370699294
"1330",0.116458997768564,0.324336426364623
"1331",3.62845135233341,4.10268003237082
"1332",1.75790581999441,1.93568671378367
"1333",0.565249931772925,0.490114370101294
"1334",0.265901014658513,0.453030194359732
"1335",0.861348122709516,0.642893853024935
"1336",4.82201180784479,-2.41591193844026
"1337",0.218322282094669,0.248838783352369
"1338",1.98805466459262,1.27298605759661
"1339",5.20713556664721,0.0902210189282049
"1340",2.95161778254046,0.895600205303014
"1341",0.128075551910001,0.215786528709397
"1342",0.1221317074711,0.311046815350156
"1343",0.471980640979124,0.595527579765593
"1344",2.47738643342853,-0.0474614998091365
"1345",2.26821217827575,0.262028374914297
"1346",5.77218692776062,-0.879696424081428
"1347",0.105346449821997,0.528106251749304
"1348",3.52767362386245,1.33816722888547
"1349",1.46398157519863,-0.210111605267182
"1350",0.64078961447234,0.136741084968231
"1351",0.0196607455849632,0.245161601824676
"1352",0.90028321379692,0.819155774884173
"1353",1.09102317389585,-0.180764076232812
"1354",0.0126469553596511,0.13828128338468
"1355",0.235165660562497,0.313105903458917
"1356",4.50874646926237,-1.35958089397325
"1357",0.175582505882545,0.0510414501951824
"1358",0.0279412966759616,0.13628464688324
"1359",8.03501816019567,6.64613154457536
"1360",1.20986338213544,0.0969837479335469
"1361",1.56649381147541,2.21235693180358
"1362",0.307577361391538,-0.0468081023947824
"1363",1.36180968592695,-0.390792547227384
"1364",0.0111606475949735,0.21916455754216
"1365",1.72957922111731,0.385089397071041
"1366",0.0474071580899707,0.439941294746818
"1367",0.00749287288983057,0.215877358713695
"1368",1.0207786709403,0.62890463807366
"1369",1.04957614521293,0.668904219432208
"1370",4.08711391625342,-0.154126419348078
"1371",0.792143124083777,0.713393195086275
"1372",0.941278105976841,1.50794488027807
"1373",1.85247874998507,-0.253973099316649
"1374",0.680113395864466,0.111936363826278
"1375",0.375668320504684,0.361706530077924
"1376",1.5868928806818,0.94515741785578
"1377",1.12164382056559,-0.087919819260734
"1378",1.71214895411632,-0.436191200990147
"1379",6.38208467454905,-2.15880754122806
"1380",2.07086568009517,0.87746823385048
"1381",0.908731992265846,-0.207085572225696
"1382",3.44064443695794,3.80020235122061
"1383",0.0607239056316251,0.339299210136465
"1384",3.08830562049464,2.28509717659004
"1385",3.76809188833723,2.81552554607735
"1386",2.11447419913628,0.630937899651215
"1387",0.069496744792943,0.330991274344946
"1388",0.91440583138759,0.39257347181436
"1389",1.83410127873742,-0.638439358409253
"1390",3.56617339320362,0.24675706491396
"1391",0.674693818439903,0.685553791681091
"1392",0.85312501309505,0.848817177572873
"1393",0.0362294835078164,0.2050472276805
"1394",1.08467525255041,0.675525036340929
"1395",1.68830949844126,-1.63359354947966
"1396",0.110553895918323,0.437378672736538
"1397",0.803592963850843,0.134181912010685
"1398",8.50253069290848,-0.186663772818541
"1399",0.65121142511386,0.92306893408126
"1400",2.0881959505533,1.11849752481341
"1401",0.0649368657519359,0.121867280577767
"1402",4.28639908623086,1.77960577528351
"1403",1.34027340893917,-0.218300735086362
"1404",0.14913624720412,0.518295954000926
"1405",8.54991994672844,0.417507751773372
"1406",5.37704421524433,-1.23260822662966
"1407",4.79769129682814,-3.13911016410413
"1408",0.271427369185549,0.0648572330759519
"1409",1.96207651096562,2.53356019404227
"1410",1.94982145779934,0.87340054409196
"1411",0.123627281600878,0.313822289385832
"1412",0.168053065016865,0.706002072149909
"1413",0.616038230480545,0.630926890307527
"1414",0.919536687885318,0.912167334690825
"1415",1.18825811169823,0.69771034521513
"1416",3.07590861485198,-1.86561001198148
"1417",0.452234910759233,0.138947261479236
"1418",0.139158506328092,0.237231580468349
"1419",8.24677596559793,-3.2060370708407
"1420",1.03277108781967,0.990932950685463
"1421",1.60010020229283,0.596629092571935
"1422",0.00744679428011475,0.18383850165063
"1423",6.5540490964187,2.07963201505333
"1424",0.141221455562527,0.420315524035125
"1425",0.526376176549702,0.0098256924903371
"1426",8.03216904253366,1.60630888235209
"1427",2.72888487495895,0.000729720611059803
"1428",0.520135598982562,0.532020465815736
"1429",0.648597848160371,0.380394071019358
"1430",0.000996464439109609,0.213322406300231
"1431",0.845117156000727,1.1489415276004
"1432",5.82354703372461,-3.10202405115185
"1433",4.51725920754588,-2.38948473547387
"1434",0.147083484153084,0.741584712302102
"1435",7.63833247259501,2.21345377404904
"1436",1.6500813049032,-0.260652784531434
"1437",0.0904310196866416,0.226925875597635
"1438",0.532030122654319,0.72756073240746
"1439",4.59922287864473,1.53861772956946
"1440",3.87930236166092,-2.47806637543377
"1441",1.11392560410259,-0.455845682341038
"1442",4.107415419569,-0.809533695415131
"1443",0.372601622830274,0.570161077884905
"1444",2.09323983426206,3.44986512912256
"1445",1.01186778480359,0.391150026127247
"1446",8.31157107543766,3.0703453396199
"1447",2.34954294463187,0.830866198871722
"1448",0.253880871697273,0.253085498361083
"1449",1.62434329107267,2.29791761457083
"1450",0.00256127728218949,0.0574382423230028
"1451",0.759008349406314,0.227292931813078
"1452",2.14696149192565,-0.0888547691653339
"1453",1.40663292217293,-0.0224556534875829
"1454",0.747796124169568,0.0326093450741028
"1455",2.23945500581119,-1.38909200360342
"1456",0.042489304019423,0.34991395024378
"1457",2.39861034930835,0.651525925736567
"1458",4.81896026633893,-2.31956629413308
"1459",1.12758313676998,1.64505231547656
"1460",0.522069305757523,-0.0194862935302187
"1461",0.000652761991102579,-0.0580831339216893
"1462",0.00572204704378897,0.151187198758933
"1463",6.9010471690485,0.516272822694859
"1464",1.69102708480134,0.666983867410621
"1465",0.219681216681468,0.614722908662429
"1466",0.0296107537608949,0.286156917445753
"1467",4.00365545533476,1.56102769281524
"1468",4.32702133209779,5.73682855703191
"1469",1.23911431847254,1.01583081001122
"1470",0.645227711282463,0.0444700259902451
"1471",7.94066457651253,3.31045645712845
"1472",0.949938024049897,0.330857761797368
"1473",4.62344063476929,1.36945315410961
"1474",2.56578303025587,-1.09717237093288
"1475",1.89036377215934,-1.90333007298939
"1476",0.13550753063694,0.12256856429448
"1477",0.022517626462143,0.377485188537517
"1478",2.29763473751912,1.49197381193525
"1479",0.761772143622751,0.947226100712053
"1480",5.03004031647282,-0.919229070214443
"1481",0.0545182651022254,0.403092808742227
"1482",0.0290284913674139,0.317189732333981
"1483",0.0934948242376923,0.110472903179442
"1484",0.407810892536155,0.448822353476982
"1485",6.68956685360516,4.5469616078008
"1486",1.47607619669173,0.878082004242376
"1487",8.29702332498836,-0.790262445384133
"1488",3.19505444896595,1.42545933443895
"1489",0.272705259705579,0.153427880693389
"1490",5.6734218847341,-0.38634337449166
"1491",6.23262275844908,1.34873111286392
"1492",1.19939601684899,0.233073126779562
"1493",0.516674850390985,0.600493985957943
"1494",1.87805880398961,0.281330790204555
"1495",0.748531785795794,0.764606075410864
"1496",0.0884589703379858,0.139926799230032
"1497",0.00849332980037077,0.300687565594978
"1498",1.63007090861073,-0.650603690327837
"1499",0.153067448832992,0.378086967838923
"1500",0.176608221460483,0.243246842161389
"1501",0.00689453798236411,0.0657821265515143
"1502",0.518449011676676,0.598132472816548
"1503",0.307194149048074,0.573242493628783
"1504",4.19503205936718,1.46137863181318
"1505",0.145197533571226,0.0938266379461913
"1506",1.15275361832646,0.502313290780603
"1507",2.06366609719562,2.36545814637151
"1508",3.42284473798099,0.654876765068574
"1509",0.179212678547543,0.44614989425381
"1510",1.20718627826494,0.630187870916681
"1511",0.454113858778484,0.352625257658193
"1512",6.12271242011555,1.85750541882585
"1513",0.0303426898237124,0.105197489912816
"1514",0.0848835378211318,0.310047916525814
"1515",1.21982778032292,0.528105690021645
"1516",1.01106288588583,1.16453040127252
"1517",0.157193672289243,0.555495009839013
"1518",0.117851529288902,0.228196193041188
"1519",1.20726591243325,1.43188701016027
"1520",2.47998443684576,1.50740777131354
"1521",2.70306542524762,1.07590922841214
"1522",0.130571329533701,0.411361584411731
"1523",3.23129770875762,1.13398196376267
"1524",3.49438626086637,-0.642563039213045
"1525",0.0658665172990726,-0.00159280218216457
"1526",0.022529135475506,0.497575516035806
"1527",0.561246891365558,0.604318295642346
"1528",0.719757542569247,0.414782515750849
"1529",0.582912798595762,1.32553667251519
"1530",0.55997310274639,0.211308213472153
"1531",1.87015831076908,0.936229922941247
"1532",1.01116957726214,0.867067217073755
"1533",2.13035597729574,-0.61139182434667
"1534",8.47437550837034,2.00194636252988
"1535",5.29573498881158,2.01962749730933
"1536",5.21583088598487,0.643360883319821
"1537",0.0191081289774294,0.183362180970026
"1538",1.12376510708461,0.471628106504088
"1539",4.6836909311457,3.16815632657953
"1540",0.748168732621751,0.161118544721187
"1541",0.0338863892500853,0.103545976231111
"1542",1.17789771521865,-0.0807862669773374
"1543",8.13584301336355,-1.30659272662138
"1544",2.91710480566939,-2.00235985312616
"1545",0.0895333998731834,0.470893331772584
"1546",0.240830022552166,0.266663061972646
"1547",0.566586726121613,0.753843182057823
"1548",5.97786918538693,3.80461418266806
"1549",1.94656961993701,1.25490019070332
"1550",1.1671947835691,-0.337289989668443
"1551",0.0030393397206911,0.219733854508006
"1552",0.0812020801294472,0.297299177160087
"1553",0.32767242640004,0.609977968299759
"1554",0.019198059146086,0.430518739747968
"1555",0.164276401743494,0.338353260426736
"1556",4.78691817046025,2.63537154320033
"1557",0.113998194915472,0.289785688796907
"1558",2.26872597016692,1.01562831941847
"1559",6.94940974182864,4.20336537171631
"1560",0.990245895837462,0.87246602508306
"1561",1.66215681593282,0.104611204794219
"1562",0.0144759930942541,0.359681280045867
"1563",0.00368923214612454,0.0906566092220833
"1564",1.14319164321357,0.287838771595896
"1565",5.44492990252413,-0.389442045413293
"1566",0.392203626524017,0.252453162162818
"1567",1.98229589533131,1.69856083653655
"1568",0.529913706251824,0.178132904577133
"1569",0.937540763882014,1.20448345953172
"1570",0.730482815259232,0.232517180691824
"1571",0.00413426878339909,0.0766823431373165
"1572",0.515579296973451,0.03370725512661
"1573",0.32279948998906,0.216906284541802
"1574",0.0892259195830382,0.286981497439645
"1575",0.170492812982919,0.316357276387658
"1576",0.0635664038049601,0.160747994842443
"1577",0.122522816435617,0.274138866882494
"1578",1.32248625511166,-0.172089368039246
"1579",0.605512768158721,0.0372939929881496
"1580",0.0418338826259321,0.0245666481844963
"1581",1.11301678057767,0.0594145430599375
"1582",0.326347005808893,0.732256365355996
"1583",1.2730564756783,0.300967230307342
"1584",1.84269817205988,-0.779715873632534
"1585",0.0502108572590064,0.277936326395843
"1586",5.03421466296694,2.67887743267676
"1587",5.26111505341939,0.175405802898338
"1588",1.56954895354448,0.382839126521721
"1589",4.61429790595371,0.173855054717184
"1590",1.58353467360058,-0.234224763856728
"1591",9.16902545832923,-3.66096396434014
"1592",1.37546285220102,1.66180591965245
"1593",0.0148511790655909,0.205774703193565
"1594",1.45938537653928,0.540079915388569
"1595",0.458291078136427,0.535089772888415
"1596",1.58096427296445,0.612860091422233
"1597",0.0987821950425007,0.509541061317816
"1598",2.18434943173372,1.08418691552997
"1599",2.56623397438226,-1.18587284362811
"1600",0.755461806771774,0.166790553082422
"1601",1.02780229006873,0.710894546902218
"1602",0.0337147108869625,0.238596418752076
"1603",3.14623910071015,0.383171168777155
"1604",8.48273390459454,-3.1367912828273
"1605",6.38743182668444,-1.36933559168283
"1606",0.0434308198337495,0.154553296520324
"1607",5.01778723434123,-1.11156740452695
"1608",1.75658688723192,1.98894410120324
"1609",1.38927262425487,1.83294461834618
"1610",5.1843174624105,1.00394106597796
"1611",0.00672722668869224,0.0679728686493448
"1612",0.422526612520352,0.805073197889465
"1613",0.0699223831412284,0.167569439930193
"1614",0.382309788680622,0.317725634762121
"1615",2.31931137838379,1.05093292014872
"1616",7.16334651549631,5.43451068840407
"1617",0.310891651182577,0.24955249403664
"1618",0.0271079792921788,0.410976295181319
"1619",4.12208836189399,1.09419358289769
"1620",5.54244243770609,-1.97709257853341
"1621",0.000475859805358449,0.0779841363658894
"1622",1.45171334447235,0.354159799441585
"1623",0.980306430326965,-0.171796088801612
"1624",2.19557911338412,2.23159862104863
"1625",1.0681225795538,1.16081340242255
"1626",6.67066959559651,3.96455983716471
"1627",6.15661567662283,1.1819428015539
"1628",2.39229150861305,-1.21197811116828
"1629",0.333586148724447,0.397896760523272
"1630",0.122794096929694,0.414538202064286
"1631",1.38222488165002,0.355386209277682
"1632",1.22912072869373,0.9651210492549
"1633",0.683631493368868,0.920089213911066
"1634",0.0491836760984267,0.397829787014246
"1635",1.73093346947819,-0.371995812003442
"1636",0.00520600084666614,0.285811844788477
"1637",5.69209127236273,2.34207536614706
"1638",0.988577165861967,0.578265749452412
"1639",0.648869306271772,0.861292810852114
"1640",0.000585799674850671,0.0883859522754147
"1641",3.92505251415042e-05,-0.0764852209868207
"1642",1.13904710810786,0.578288486383102
"1643",4.13700634475791,1.94772740879603
"1644",1.5098073436917,-0.126667387731714
"1645",0.752915574658802,0.160919083709583
"1646",6.79618168140281,-2.90555116368849
"1647",0.218972650326465,0.373556025748382
"1648",0.074210226606817,0.34259697604952
"1649",3.19740452675529,-1.05194280135838
"1650",5.68615197296304,-2.96711099568605
"1651",0.229093756982668,0.463149278368824
"1652",0.375970280521272,0.127748142663843
"1653",0.273449795428322,0.732504071445562
"1654",6.85163642383109,6.16880850213061
"1655",7.42344866565872,-0.253127728076341
"1656",0.340277335840072,0.351558739944853
"1657",4.34694615204891,-1.50933004344338
"1658",5.87551886868982,5.26390281341147
"1659",0.31712683385235,0.787326342117651
"1660",8.62326970648763,2.60087104198533
"1661",1.86282476573863,-1.36471854886475
"1662",1.07259248132573,-0.218419698780474
"1663",0.744097207233007,0.605495056557204
"1664",2.66075022285048,-0.287750207103836
"1665",0.148077444220643,0.599195875349898
"1666",0.00470827604248907,0.364902048332447
"1667",3.09522291604822,-1.20685568184328
"1668",2.18638678572166,0.0102268637212367
"1669",1.66396754392957,-0.373261759327765
"1670",2.60212342468127,0.237414164340523
"1671",3.72394201862533,1.75871398205642
"1672",2.05092640768301,-0.068162098211786
"1673",1.91552957942307,1.65132971736168
"1674",0.0824763262394029,0.173793655945468
"1675",1.56521688616504,-0.132412753832776
"1676",7.02980120513921,0.570887342395081
"1677",0.171684990500821,0.423129352917377
"1678",2.08955297790846,1.15010615485615
"1679",1.25032057568164,1.49698349804473
"1680",1.84163001606777,-0.431316604538437
"1681",3.38679430898764,1.94297917291364
"1682",1.43501458916386,1.34687519535888
"1683",7.00949349930856,1.07501781194239
"1684",0.024287583074367,-0.00119437061890434
"1685",0.210520689784131,0.594424925987399
"1686",8.10453587513944,10.152971687618
"1687",2.40172469528126,1.98566593520142
"1688",0.00625203806399949,0.273600409918259
"1689",0.474797582600562,0.431941377158944
"1690",5.4853971156554,6.46047693135922
"1691",0.0409327355916257,0.277451420208058
"1692",0.158664153863204,0.357717000326497
"1693",3.44180119012766,2.60190570474642
"1694",0.496397252390741,0.797358124692667
"1695",0.0018445525921939,0.160076060806126
"1696",2.23510364026272,-0.717909651698832
"1697",8.03624755824054,2.2661459877119
"1698",0.000130211025936569,0.0689479778493235
"1699",8.25700647227745,-1.7042418786055
"1700",2.77724278455203,0.741276975048534
"1701",1.42878332132818,0.94898200867834
"1702",0.0838963506884253,0.327798971343203
"1703",0.0479128076371091,0.250795018775677
"1704",3.19373469418028,2.68376048592323
"1705",0.0633193308063104,0.287955177182932
"1706",0.108600896209763,0.0988102105995028
"1707",5.63375460755528,-2.7440902520156
"1708",2.2812480376121,-0.156435081514757
"1709",1.61865443063734,-0.129092992900347
"1710",2.71366289614402,0.241187731820053
"1711",0.0274046529641818,0.242949853405103
"1712",4.87698672700606,1.90986785018548
"1713",0.981172065508191,1.13298528858259
"1714",3.05532377663076,1.37026008567554
"1715",2.95622533413726,1.20183945176068
"1716",4.32470930190475,-3.42699881708317
"1717",0.404197946066131,0.410708728398435
"1718",3.44314297785679,2.12615641012477
"1719",3.10767761012575,-1.22190832169546
"1720",0.0632908415203985,0.358992560372261
"1721",0.0399349395588455,0.0504478537337535
"1722",3.07037880389891,-0.20260555050732
"1723",0.671764015742134,-0.199305542629306
"1724",0.0650114548963198,0.129091847072673
"1725",0.801292487870434,0.166488586701355
"1726",0.191263775937416,0.37936300456732
"1727",2.76249436707933,1.21323006579492
"1728",3.12954203180426,1.47186885728494
"1729",4.22505679649665,1.43227268003299
"1730",0.0432047117320626,0.0461926607900138
"1731",4.29051672859469,-0.197532562481126
"1732",0.257740704594997,-0.17847246247797
"1733",1.12765684870277,0.594203528482637
"1734",0.131481852958675,0.139654152756919
"1735",2.99980660959741,-1.30993005541201
"1736",3.77656827063882,1.14165374389475
"1737",3.50683481364853,-0.824171189227581
"1738",4.15420168438044,-0.992037130930821
"1739",0.902866585917314,0.991911699195542
"1740",4.06222692802707,0.518757582006904
"1741",2.70546403957561,0.192244274161486
"1742",0.497844257830057,0.740332976649428
"1743",0.0123910384818806,0.022486627429453
"1744",5.44432583696361,3.81889551768688
"1745",1.02994911562566,0.423490218402839
"1746",0.210021456491843,0.834379539036768
"1747",0.114929268366135,0.2072372179359
"1748",0.275196896095078,0.105936165326959
"1749",3.70852115305796,-1.5727936911493
"1750",0.880642351791348,0.0832468946782509
"1751",3.39368930636835,1.24990699928616
"1752",1.28926986797234,-0.443830914881686
"1753",2.52704407610575,0.0217302655790897
"1754",1.31718626002235,0.831876869980693
"1755",7.03244213188691,0.724131827468164
"1756",2.07097004120825,0.250814090579409
"1757",0.00698074127074578,0.217438404615936
"1758",0.114298060419096,0.172279752832711
"1759",0.478698197308387,0.553272429655487
"1760",0.594840106086581,0.213838980037576
"1761",3.43898937987112,0.894808117883957
"1762",2.42479428055185,2.7485223518738
"1763",2.59672439391559,-1.19686681212782
"1764",0.570476838974142,0.128527410294857
"1765",3.83752789777521,-0.721975372687032
"1766",0.312535846204517,0.333995333624328
"1767",0.260422024125263,0.102549354679072
"1768",0.0628599427475994,0.192969447321127
"1769",0.176788157146506,0.388606380877131
"1770",0.16565105477797,0.149617966454028
"1771",2.516138783947,1.03850267418111
"1772",4.04847751384367,-0.676725401397507
"1773",0.00181628457243227,0.155995440026795
"1774",6.96621113497139,-0.00579594524002736
"1775",2.26244611709997,-0.0922957732490777
"1776",1.45597050102185,-0.944992621568382
"1777",0.353086559050089,-0.0778834236195656
"1778",8.90646805362502,4.13685815591689
"1779",1.5533723763159,1.54476904734319
"1780",1.19646325199143,0.639475968325275
"1781",0.7263889621075,-0.0259873803495419
"1782",4.61160961702546,2.46787418413615
"1783",1.45451149591861,0.738091760929017
"1784",1.3312318561643,1.22250409968726
"1785",6.71043470172251,3.30707429908779
"1786",2.64799251341438,0.62017313703388
"1787",3.6671583767774,0.165664306711325
"1788",2.91952416936641,0.468798580478015
"1789",1.11917034416719,0.916828040544753
"1790",0.61764932371079,0.989961678678456
"1791",0.844758055221202,0.315515382254636
"1792",1.80183751723245,0.829426017408015
"1793",3.28980432911885,-2.64621589488042
"1794",2.46947433474606,1.2556085478418
"1795",3.7765718927064,3.51239839082094
"1796",1.32058238689632,1.16331089740729
"1797",0.00161343446221802,0.287549460044667
"1798",1.85193709739939,1.90758954038258
"1799",0.304212699727738,0.292313392074545
"1800",2.41407663710926,-0.286528090633039
"1801",0.123551474711598,0.459149353212201
"1802",7.86497305178253,-0.0949922340874612
"1803",1.2145005702247,0.4038724870781
"1804",0.369965510213264,0.464094945561624
"1805",0.1240883060223,0.334365355415653
"1806",1.03769991184108,0.655004509514733
"1807",0.00411732744105088,0.185896094255757
"1808",1.33978611444398,0.658770771033985
"1809",0.870641530662771,0.764815178918282
"1810",0.890190915557935,-0.0424432720267988
"1811",4.29941995768441,-2.81453433813215
"1812",0.0083099925422976,0.291209725168932
"1813",5.64010698971176,-1.2165857121314
"1814",3.42743386947608,1.40140514428992
"1815",0.4776544964677,0.0582747471881225
"1816",0.0172042480162231,0.312542810509064
"1817",1.380108760976,-0.349696641165897
"1818",3.71770805302876,2.13312334798937
"1819",4.87574487458237,-1.80688269315858
"1820",3.66846421612606,1.52342059537011
"1821",1.62194665440474,1.89683389134279
"1822",1.27244783631118,0.441948727259758
"1823",0.21385873426759,0.461160827910677
"1824",0.00587901311771882,0.300879738980449
"1825",0.0279549355657076,0.2187791719802
"1826",0.151492188512689,0.13109333857453
"1827",1.9488487645287,1.49802006217783
"1828",2.20512805236499,3.11740724196922
"1829",4.89848789025278,0.450856680924852
"1830",0.457753618234818,-0.0605289063980871
"1831",0.151624316135371,0.595658846346401
"1832",0.0995602600354522,0.197569388057701
"1833",4.0659750585927,2.20149741741103
"1834",2.45546542784574,1.39002848768798
"1835",1.9834473820779,0.991295894110515
"1836",0.453875990521704,0.324979356079304
"1837",4.07392137360483,-3.04721877436801
"1838",0.0046387861894768,-0.064745567856534
"1839",1.20880015583603,-0.293116520661782
"1840",3.25028532074473,0.675669848721461
"1841",0.223894765031262,0.668285838688224
"1842",1.72352801601592,0.179312584973437
"1843",0.0184385609912422,0.170875471007569
"1844",3.92610710278135,3.39522302315924
"1845",2.59396132587287,0.370474852948237
"1846",0.53843676887358,-0.0640627089863002
"1847",0.707196422457765,0.736933019619295
"1848",2.55899167931313,0.127209411579183
"1849",0.0328505630706268,0.309046642452944
"1850",1.80251211581613,0.960861104414341
"1851",0.112991052342452,0.316188506135455
"1852",6.61092408349511,3.78557310080073
"1853",0.0380140457513355,0.189272966805568
"1854",0.211732822676528,0.290063179045509
"1855",0.2630024821464,0.373354339445049
"1856",4.01910501323856,-1.44260458322784
"1857",3.16489858544998,2.57376503614634
"1858",0.00254606804042283,0.13117295995714
"1859",1.40010067336647,0.351242121724332
"1860",5.16492818194163,2.50693500446149
"1861",0.028850253932073,0.249760090058281
"1862",0.263321745578647,0.612492514023345
"1863",3.8076452381089,1.02035208872191
"1864",0.621980571189444,0.249315462659715
"1865",3.74798822988817,0.159299344688777
"1866",4.75237654215792,4.82316418798247
"1867",0.108965752472904,0.376504111623945
"1868",0.192543026280409,0.568289785917417
"1869",1.60516976703295,0.725417264586735
"1870",1.9676700529308,0.601004080413851
"1871",1.91296169212919,0.0197445189062805
"1872",2.10868659384084,-0.575309861478147
"1873",0.0209530616907998,0.219410718513313
"1874",0.0579771335858866,0.285728043990981
"1875",0.169302864152809,0.570706556697455
"1876",4.78046189948773,2.28746962425685
"1877",3.70354288958896,-1.23579499249595
"1878",1.51334026377796,0.266913956276688
"1879",0.00360387164937497,0.214554188443929
"1880",1.70216084170947,1.64799901304992
"1881",0.00691057602932514,0.174527629424064
"1882",3.86570115990813,1.98579151112669
"1883",6.01430643113711,-0.0273108310718665
"1884",1.86584843679973,2.15849701573581
"1885",1.53987894435144,0.528042603371559
"1886",0.253425174865606,0.745985682762836
"1887",0.821329507899626,0.480579800680456
"1888",3.00807306920676,1.45506220865286
"1889",0.172074381464528,0.447636288725699
"1890",0.331101016154465,0.492437008582269
"1891",2.23649369411851,0.211934400605479
"1892",0.0378526333928998,0.176599319164036
"1893",1.56616043312598,0.416492749771744
"1894",5.33455353060216,2.03927688130878
"1895",2.58181686624747,2.13201529999023
"1896",0.0953156504646749,0.410861378253031
"1897",0.245866761737678,0.476969164688271
"1898",4.74496398877087,-1.16745155022142
"1899",1.68249259576056,0.0475011447517745
"1900",0.0688881657527654,0.405206302929042
"1901",2.64315942834598,-1.5339074226325
"1902",4.6183500481801,1.58424776231658
"1903",4.49287076935491,1.77290214766945
"1904",3.03840725603893,2.03685269891658
"1905",4.96538603015616,3.61412183110947
"1906",5.4086533054731,3.87262257334037
"1907",7.24050346026577,8.60536393455513e-05
"1908",3.26987900695565,-1.24266437782149
"1909",0.0411230297775735,0.127618045559322
"1910",6.94078765510917,3.55943128121691
"1911",0.317497958246026,0.399980152388397
"1912",1.17764236740497,0.375737817802732
"1913",2.08103005492751,0.0426963002581853
"1914",0.00232141803796131,0.0453069992164662
"1915",2.00180919114327,3.37735214651533
"1916",4.04670875505664,0.685323896227302
"1917",0.111907614273274,0.408734946877974
"1918",1.73698525121075,0.301424930307508
"1919",1.59485774319675,-1.57142338580376
"1920",6.41363461705425,3.81608498676237
"1921",2.01604957552044,1.05073294229755
"1922",0.000417516685041523,0.152347455064374
"1923",0.5241641601884,0.424752726826131
"1924",2.91153873910863,1.4422043225208
"1925",0.484040556940457,0.627829055152234
"1926",0.579416457515833,0.128993186012663
"1927",0.0269133076257937,0.174012385210989
"1928",3.29352883198637,2.44337266077406
"1929",1.82050355874948,0.498812340564787
"1930",0.801121735768839,0.0741592514618104
"1931",0.156233123252374,0.503248321401595
"1932",1.23627866227443,0.0561480623647818
"1933",0.855353524362178,0.316568824606086
"1934",0.401936097430309,0.149939656898149
"1935",5.9167572617094,0.511540963557731
"1936",1.01707302002703,0.60392315119436
"1937",0.186033815896404,0.453162307235105
"1938",0.514371824802114,-0.0739804853098586
"1939",1.03759628906915,0.525568329980594
"1940",0.019464961049523,0.0663096406884192
"1941",4.83882264103658,1.58843609844163
"1942",0.000158972116934322,0.241122578829144
"1943",5.47633609420334,0.88607294425244
"1944",3.31836801758978,0.378924659548327
"1945",0.00441724092515105,0.227128532569782
"1946",0.01955589256082,0.339202547006987
"1947",5.49725802402142,0.0222270287597974
"1948",0.320222705066402,0.210081187458445
"1949",4.5238205652382,-1.28035512029636
"1950",0.153262048059366,0.244190909126385
"1951",7.27435546240299,2.10767021043262
"1952",2.81033346975616,-0.548243866491634
"1953",0.880147297695431,0.65959854365049
"1954",1.82615740232433,0.176209906562807
"1955",2.94531873718747,-1.0748521929983
"1956",6.08349230926537,1.95387159431368
"1957",0.900399715572938,0.746238094996666
"1958",1.84843681635451,2.69353872486495
"1959",4.15427820849199,0.208864227326522
"1960",6.52290385015781,2.66076192357723
"1961",1.38145965003154,0.745966717355935
"1962",0.958059343073337,-0.0400871032884387
"1963",1.46792354327159,1.24953870325839
"1964",0.270519996727461,0.339454538006389
"1965",2.26322995504615,0.750280177441427
"1966",4.9126811778429,-0.317813402878205
"1967",5.27542964371154,2.45360381821494
"1968",5.99543608379622,2.42059561209967
"1969",0.0796042064299209,0.29534404863135
"1970",0.0372459106251522,0.34273684109351
"1971",0.315774994958321,0.323655114549479
"1972",6.5436615971316,0.431869496329976
"1973",0.713299667321762,0.416767638420867
"1974",7.43039231098317,-1.50717744589625
"1975",2.01529220208738,0.100913558438817
"1976",0.975731845699616,0.845242357167998
"1977",2.55943145990717,0.0754283328661954
"1978",2.27785442081853,0.173920919610135
"1979",2.16212087565516,0.344554520617727
"1980",2.85277203507476,-3.42383223644552
"1981",0.235914464958457,0.363596386880714
"1982",0.0931384696143516,0.272820128614288
"1983",2.44733564411355,1.06216668931669
"1984",4.16397756405411,3.34702469835811
"1985",6.94132401941768,7.26832393623763
"1986",3.9479908401488,0.857053100566653
"1987",3.06182957060183,3.56145088360905
"1988",0.194965172182965,0.242172915448378
"1989",4.84785968475927,-1.13517296024853
"1990",1.38571120169544,0.357137034945453
"1991",1.20332677291016,1.92048021862618
"1992",5.01583601665911,0.735758827667935
"1993",0.102162596679398,0.307384039651346
"1994",3.67735226595005,-0.256851457384415
"1995",1.32840708057724,0.726161866573716
"1996",7.4425069886663,-0.242166147200282
"1997",3.97376504643973,0.775990160571963
"1998",0.814758809777878,0.726901982748287
"1999",0.117489782084074,0.344048179028072
"2000",0.794168221749785,-0.13004238344994
